movie,url
Toy Story 3,https://en.wikipedia.org/wiki/Toy_Story_3
Frozen,https://en.wikipedia.org/wiki/Frozen_(2013_film)
Finding Dory,https://en.wikipedia.org/wiki/Finding_Dory
Inside Out,https://en.wikipedia.org/wiki/Inside_Out_(2015_film)
Shrek 2,https://en.wikipedia.org/wiki/Shrek_2
The Incredibles,https://en.wikipedia.org/wiki/The_Incredibles
Up,https://en.wikipedia.org/wiki/Up_(2009_film)
Ratatouille,https://en.wikipedia.org/wiki/Ratatouille_(film)
WALL·E,https://en.wikipedia.org/wiki/WALL-E
Zootopia,https://en.wikipedia.org/wiki/Zootopia
Moana,https://en.wikipedia.org/wiki/Moana_(2016_film)
Coco,https://en.wikipedia.org/wiki/Coco_(2017_film)
How to Train Your Dragon,https://en.wikipedia.org/wiki/How_to_Train_Your_Dragon_(film)
Despicable Me,https://en.wikipedia.org/wiki/Despicable_Me
Minions,https://en.wikipedia.org/wiki/Minions_(film)
Kung Fu Panda,https://en.wikipedia.org/wiki/Kung_Fu_Panda
The Lego Movie,https://en.wikipedia.org/wiki/The_Lego_Movie
Big Hero 6,https://en.wikipedia.org/wiki/Big_Hero_6_(film)
Tangled,https://en.wikipedia.org/wiki/Tangled
Monsters University,https://en.wikipedia.org/wiki/Monsters_University
Toy Story 4,https://en.wikipedia.org/wiki/Toy_Story_4
Frozen II,https://en.wikipedia.org/wiki/Frozen_II
Spider-Man: Into the Spider-Verse,https://en.wikipedia.org/wiki/Spider-Man:_Into_the_Spider-Verse
Spider-Man: Across the Spider-Verse,https://en.wikipedia.org/wiki/Spider-Man:_Across_the_Spider-Verse
The Mitchells vs. the Machines,https://en.wikipedia.org/wiki/The_Mitchells_vs._the_Machines
Turning Red,https://en.wikipedia.org/wiki/Turning_Red
Luca,https://en.wikipedia.org/wiki/Luca_(2021_film)
Soul,https://en.wikipedia.org/wiki/Soul_(2020_film)
Paddington 2,https://en.wikipedia.org/wiki/Paddington_2
Puss in Boots: The Last Wish,https://en.wikipedia.org/wiki/Puss_in_Boots:_The_Last_Wish
The Super Mario Bros. Movie,https://en.wikipedia.org/wiki/The_Super_Mario_Bros._Movie
Sing,https://en.wikipedia.org/wiki/Sing_(2016_film)
Sing 2,https://en.wikipedia.org/wiki/Sing_2
Ice Age: Dawn of the Dinosaurs,https://en.wikipedia.org/wiki/Ice_Age:_Dawn_of_the_Dinosaurs
Madagascar,https://en.wikipedia.org/wiki/Madagascar_(2005_film)
The Croods,https://en.wikipedia.org/wiki/The_Croods
Hotel Transylvania,https://en.wikipedia.org/wiki/Hotel_Transylvania
My Neighbor Totoro,https://en.wikipedia.org/wiki/My_Neighbor_Totoro
Spirited Away,https://en.wikipedia.org/wiki/Spirited_Away
Howl’s Moving Castle,https://en.wikipedia.org/wiki/Howl%27s_Moving_Castle_(film)
Your Name,https://en.wikipedia.org/wiki/Your_Name
Weathering With You,https://en.wikipedia.org/wiki/Weathering_With_You
The Boy and the Heron,https://en.wikipedia.org/wiki/The_Boy_and_the_Heron
The Prince of Egypt,https://en.wikipedia.org/wiki/The_Prince_of_Egypt
The Secret Life of Pets,https://en.wikipedia.org/wiki/The_Secret_Life_of_Pets
Megamind,https://en.wikipedia.org/wiki/Megamind
Coraline,https://en.wikipedia.org/wiki/Coraline_(film)
Fantastic Mr. Fox,https://en.wikipedia.org/wiki/Fantastic_Mr._Fox_(film)
Kubo and the Two Strings,https://en.wikipedia.org/wiki/Kubo_and_the_Two_Strings
Encanto,https://en.wikipedia.org/wiki/Encanto